{"slope": 94.73357169109343, "intercept": 6476.825, "r2": 0.3284461192529188, "p-value": 0.022655458485212124}